Designator,Comment,Mid X,Mid Y,Rotation,Layer
A1,LattePanda_Mu,153.825,-149,180,top
BT1,Battery_Cell,118.750005,-189.025,180,top
C1,1uF/16V,259.25,-179.1875,-90,top
C2,4.7uF,294.85,-144.35,-90,top
C3,100nF,291.35,-144.25,-90,top
C4,22uF/10V,201.15,-149.55,0,top
C5,22uF/10V,232,-134.3,180,top
C6,22uF/10V,205.9,-149.5125,180,top
C7,22uF/10V,237.1,-134.4,0,top
C8,100nF/50V,231.9,-138.7,-90,top
C9,100nF/50V,206.1,-145.23,90,top
C10,22uF/10V,237,-142.1625,-90,top
C11,22uF/10V,195.85,-141.85,90,top
C12,22uF/10V,234.72,-142.0825,-90,top
C13,22uF/10V,198.15,-141.85,90,top
C14,22uF/10V,232.42,-142.0825,-90,top
C15,22uF/10V,201,-141.7625,90,top
C16,22uF/10V,239.4,-142.2,90,top
C17,22uF/10V,203.3,-141.7625,90,top
C18,1uF/16V,261.05,-194.45,-90,top
C19,22uF/10V,241.7,-142.2,90,top
C20,22uF/10V,205.6,-141.7625,90,top
C21,1uF/16V,248.95,-195.3,180,top
C22,100nF/50V,118.45,-172.25,-90,top
C23,100nF/50V,137.75,-180.15,-90,top
C24,100nF/50V,135.15,-167.0825,-90,top
C25,100nF/50V,136.55,-167.1,-90,top
C26,100nF/50V,132.9,-166.565,90,top
C27,100nF/50V,131.6,-166.565,90,top
C28,100nF/50V,130.4,-166.565,90,top
C29,100nF/50V,146.5,-166.85,90,top
C30,100nF/50V,142.4,-166.565,90,top
C31,100nF/50V,129.1,-166.565,90,top
C32,100nF/50V,147.6,-166.85,90,top
C33,100nF/50V,143.6,-166.5325,90,top
C34,100nF/50V,143.95,-178.75,-90,top
C35,10uF/10V,140.15,-179.85,-90,top
C36,12pF/50V,133.25,-176.65,0,top
C37,12pF/50V,133.3,-170.6,180,top
C38,100nF/50V,134.15,-182.4825,90,top
C39,22uF/10V,231.0625,-99.75,0,top
C40,100nF/50V,150.6,-183,0,top
C41,100nF/50V,150.6,-184.1,0,top
C42,100nF/50V,151.3,-187.1,-90,top
C43,100nF/50V,149.9,-187.0675,-90,top
C44,22uF/10V,151.7,-180.5,-90,top
C46,100nF/50V,205.75,-180.9175,-90,top
C47,100nF/50V,204.75,-180.9175,-90,top
C48,100nF/50V,202.05,-180.9175,-90,top
C49,100nF/50V,201.05,-180.9175,-90,top
C50,100nF/50V,198.45,-180.9175,-90,top
C51,100nF/50V,197.45,-180.9175,-90,top
C52,100nF/50V,194.65,-180.9175,-90,top
C53,100nF/50V,193.65,-180.9175,-90,top
C54,100nF/50V,177.9,-197.5,-90,top
C55,22uF/10V,236.05,-99.75,180,top
C56,100nF/50V,232.1125,-120.95,-90,top
C57,22uF/10V,241.0425,-124.2625,-90,top
C58,22uF/10V,238.8625,-124.25,-90,top
C59,22uF/10V,236.6625,-124.2625,-90,top
C60,22uF/10V,234.4625,-124.3,-90,top
C61,22uF/10V,232.2625,-124.3,-90,top
C62,22uF/10V,236.5,-116.2,180,top
C63,22uF/10V,232.4125,-116.2,0,top
C64,100nF,178.4,-163.2,180,top
C65,100nF,164.2,-174.9,0,top
C66,100nF/50V,231.05,-104.5,-90,top
C67,22uF/10V,240,-107.65,90,top
C68,100nF,288.3,-190.8,0,top
C69,20p,267.6,-186.75,-90,top
C70,20p,267.6,-198.15,90,top
C71,220nF/50V,300.7975,-172.8,0,top
C72,220nF/50V,300.7975,-170.6,0,top
C73,10uF/10V,300.64,-162.8,0,top
C74,100nF/50V,300.0725,-167.5,0,top
C75,10uF/10V,300.64,-164.6,0,top
C76,100nF/50V,300.0725,-166.2,0,top
C77,220nF/50V,199.5,-96.45,180,top
C78,220nF/50V,203.65,-96.45,0,top
C79,10uF/10V,188.95,-108.65,180,top
C80,100nF/50V,187.15,-104.15,180,top
C81,10uF/10V,188.95,-106.85,180,top
C82,100nF/50V,187.15,-105.4,180,top
C83,22uF/10V,237.9,-107.65,90,top
C84,22uF/10V,235.8,-107.65,-90,top
C85,22uF/10V,233.7,-107.65,-90,top
C86,22uF/10V,231.58,-107.65,-90,top
C87,100nF,290.6,-199.5,0,top
C88,100nF/50V,212.8,-86.9,0,top
C89,22uF/10V,155.8,-179.6,90,top
C90,100nF,275.6,-187,-90,top
C91,1nF,275.4,-182.3,90,top
C92,1nF,285.9,-183.35,90,top
C93,20p,269.7,-181.15,0,top
C94,20p,269.7,-183.15,0,top
C95,100nF,224,-192.35,180,top
C96,10nF,207.7,-192.9,-90,top
D1,ESD5V0BO3,252.35,-177.9875,90,top
D2,ESD5V0BO3,254.2,-177.9375,-90,top
D3,PESD24VS1UL-N,256.1,-178.2875,90,top
D4,PESD24VS1UL-N,250.75,-186.5375,90,top
D5,PESD24VS1UL-N,252.95,-186.5375,90,top
D6,RFID STATUS,276.6975,-206.9381,0,top
D7,NETWORK STATUS,284.5475,-206.9381,0,top
D8,3V3 Izt=5mA,232.4,-177.25,180,top
D9,SS54,232.35,-181.35,0,top
D10,SS54,232.4,-185.3,0,top
D11,SS54,232.4,-189.25,0,top
D12,LED,187.175,-111.95,180,top
D13,CPU STATUS,292.7,-206.9881,0,top
D14,ESD5V0B03,259.35,-194.35,-90,top
D15,ESD5V0B03,249.15,-193.8,180,top
D16,1N5819WS,120.45,-169.05,90,top
D17,ESD5V0BO3,149.5,-196,180,top
D18,ESD5V0BO3,146.5,-184,-90,top
D19,ESD5V0BO3,161.3,-187.3,-90,top
D20,ESD5V0BO3,159.8,-187.3,-90,top
D21,ESD5V0BO3,191.1525,-195.25,0,top
D22,SS54,178.7,-190.95,90,top
D23,ESD5V0BO3,184.85,-181.05,0,top
D24,ESD5V0BO3,190.1,-181.775,0,top
D25,LED,300.6725,-159.6,0,top
D26,LED,187.175,-113.65,180,top
D27,PWR,269.0475,-206.9381,0,top
D28,LED,187.175,-115.35,180,top
D29,LED,187.175,-117.05,180,top
D30,LED,187.175,-118.75,180,top
D31,LED,187.225,-120.95,0,top
D32,LED,187.225,-122.6,0,top
D33,LED,187.225,-124.25,0,top
D34,LED,187.225,-125.9,0,top
F1,6V/1A,157.7,-179.4,-90,top
F3,6V/1A,149.6,-180.6,90,top
F5,6V/50mA,178.8,-195.4,0,top
J1,DC-005,218.31,-198.05,90,top
J2,USB_C_Receptacle_USB2.0_16P,233.4,-206.4,0,top
J3,1054500101,181.5,-208,0,top
J4,Conn_01x03_Pin,112.55,-158.15,90,top
J5,S12B-PUDSS-1,196.6,-87.6,0,top
J6,B2B-XH-A_2.54,208.3675,-90.9,0,top
J7,HR911130A,137.5,-198.13,180,top
J8,HDMI_A,200.6,-200.565,-90,top
J9,USB3_A_Stacked,157.099999,-196.09,0,top
J10,B2B-XH-A_2.54,217.4,-90.9,0,top
J11,SWD,292.9,-182.68,0,top
J12,Conn_01x03_Pin,282.81,-185.44,180,top
J13,Conn_01x03_Pin,279.1,-185.44,180,top
J18,Bus_M.2_Socket_M,293.175,-162.4,-90,top
J19,Bus_M.2_Socket_E,201.7,-103.85,0,top
J20,Bus_M.2_Socket_E,276.4,-135.6,180,top
L1,2.2uH/4.3A,227.6,-140.2,-90,top
L2,2.2uH/4.3A,210.6,-143.7625,90,top
L3,2.2uH/4.3A,226.8,-105.8,-90,top
L4,2.2uH/4.3A,227.6625,-121.7,-90,top
M1,Fan_4pin,113.75,-173.2,90,top
Q1,MMBT2222A,209.95,-183.8625,-90,top
Q3,2N7002,246.6625,-190.7,0,top
Q5,2N7002,181.65,-184.8,0,top
Q6,2SK3018,190.5,-177.0125,-90,top
Q7,2SK3018,186.05,-177.0125,-90,top
Q8,2SK3018,188.6,-186.7,-90,top
R1,10K/1%,255.95,-189.6375,0,top
R2,1K/1%,257.95,-179.1875,-90,top
R3,2.2K/1%,275.4,-203.6,90,top
R4,2.2K/1%,283.4,-203.4025,90,top
R5,2.2K/1%,227.75,-177.8,90,top
R6,75k/1%,238.2625,-121.35,0,top
R7,10K/1%,238.8125,-119.8875,180,top
R8,56K/1%,259.2,-189.2875,0,top
R9,2.2K/1%,291.4,-203.5,90,top
R10,100R/1%,241.963543,-183.10814,0,top
R11,1K/1%,243,-190,180,top
R12,10K/1%,243.05,-191.55,0,top
R13,430R/1%,212.65,-183.2,90,top
R14,100K/1%,241.963543,-181.85814,180,top
R15,2.2K/1%,267.8,-203.6,90,top
R16,75k/1%,238.1,-139.2,0,top
R17,10K/1%,237.6,-137.7,180,top
R18,21.5k/1%,200.25,-144.75,180,top
R19,4.7k/1%,200.25,-145.95,0,top
R20,10K/1%,287.2625,-199.1,180,top
R21,100R/1%,257.85,-194.35,-90,top
R22,100R/1%,247.124242,-194.603314,90,top
R23,1K/1%,122.65,-176.65,180,top
R24,10K/1%,141.25,-141.35,90,top
R25,10K/1%,142.65,-141.35,90,top
R26,100K/1%,164.35,-155,180,top
R27,100K/1%,166.8,-154.85,0,top
R28,10K/1%,149.85,-156.65,-90,top
R29,21.5k/1%,120.45,-165.85,-90,top
R30,100R/1%,118.45,-164.25,-90,top
R31,4.7k/1%,118.45,-169.45,-90,top
R32,10k/1%,139.45,-167.1,-90,top
R33,10k/1%,138.05,-167.1,-90,top
R34,2.49k/1%,131.45,-182.45,90,top
R35,1M/1%,136.85,-173.35,90,top
R36,470R/1%,132.85,-182.45,-90,top
R37,470R/1%,145.85,-177.55,-90,top
R38,1M/1%,179,-184.55,90,top
R39,2.2k/1%,186.05,-174.25,0,top
R40,21.5k/1%,191.1525,-192.45,180,top
R41,2.2k/1%,190.55,-174.15,0,top
R42,1k/1%,191.1525,-193.75,180,top
R43,470R/1%,190.95,-187.5,90,top
R44,470R/1%,192.8,-187.5,90,top
R45,470R/1%,194.95,-187.45,90,top
R46,470R/1%,196.75,-187.45,90,top
R47,470R/1%,198.8,-187.4,90,top
R48,470R/1%,200.55,-187.4,90,top
R49,2.2k/1%,190.1,-180.175,0,top
R50,470R/1%,202.5,-187.4,90,top
R51,2.2k/1%,184.95,-179.65,0,top
R52,470R/1%,204.35,-187.4,90,top
R53,2.2k/1%,188.85,-184,180,top
R54,0R/1%,293.7,-175.4,90,top
R55,0R/1%,290.7,-175.5,-90,top
R56,2.2k/1%,300.0975,-161.2,180,top
R57,0R/1%,207.05,-97.35,180,top
R58,0R/1%,189.35,-110.25,180,top
R59,10k/1%,189.7,-104.25,0,top
R60,10k/1%,189.7,-105.4,0,top
R61,75k/1%,237.7,-104.8,0,top
R62,10K/1%,237.15,-103.4,180,top
R63,1M,267.6,-192.85,-90,top
R64,20R,289.3,-187.5,90,top
R65,20R,287.64,-187.5,90,top
R66,4.7K,285.9,-187.5,90,top
S1,8-1437565-0,290.45,-195.3,0,top
SW1,SW_Push,261.1,-202.1,0,top
SW2,SW_Push,248.8,-200.6225,0,top
U1,STM32F103C8T6,280.4075,-194,0,top
U2,CH224K,257.05,-184.4375,-90,top
U3,SY8253ADC,234.4,-137.7375,90,top
U4,SY8253ADC,203.5,-146.225,-90,top
U5,RTL8111H-CG-RH,141.9,-173.35,90,top
U6,SY8253ADC,233.75,-103.25,90,top
U7,ULC0524P,155.4,-184.8,180,top
U8,ULC0524P,165.1,-182.8125,90,top
U9,TPAZ1023-04F,204.1,-192.65,-90,top
U10,TPAZ1023-04F,200.6,-192.65,-90,top
U11,SY8253ADC,234.6625,-120.05,90,top
U17,FT232RL-REEL,176.5,-169.2,0,top
U18,FT232RL-REEL,165.95,-169.25,180,top
VR1,L78M12ABDT,222.05,-187.15,180,top
Y1,25MHz,133.2,-173.6,180,top
Y2,32.768KHz,272.4,-182.25,-90,top
Y4,8MHz,271.6,-192.25,90,top
